channel,n_subjects,t_delta,p_delta,mean_diff_delta,sem_delta,cohen_d_delta,t_theta,p_theta,mean_diff_theta,sem_theta,cohen_d_theta,t_alpha,p_alpha,mean_diff_alpha,sem_alpha,cohen_d_alpha,t_beta,p_beta,mean_diff_beta,sem_beta,cohen_d_beta,t_gamma,p_gamma,mean_diff_gamma,sem_gamma,cohen_d_gamma,t_exponent,p_exponent,mean_diff_exponent,t_offset,p_offset,mean_diff_offset,collinearity_r,any_band_sig,n_sig_bands,offset_only_sig
AF3,55,2.4513639382519057,0.0174983564126116,0.09855169507401759,0.04020280038234382,0.33054184600335734,2.1123971700842143,0.03929259257106972,0.08179476267718351,0.038721299117212234,0.28483557630770384,1.7556487122409412,0.08481936927456142,0.07201729138804325,0.04102033105251397,0.23673162406532214,1.2446957432424528,0.2186186428531353,0.05875008954505648,0.04720036190692797,0.16783473978052893,0.8894410190557498,0.3777114262730029,0.04803874883518905,0.05401004429297408,0.11993220254331048,1.0155532290729397,0.31437092684139695,0.0440726905427599,2.4092315834019105,0.019425911626838977,0.11608998193080333,0.6031482767873332,True,2,True
AF4,53,1.766501566178157,0.08318105836285582,0.07152992987907161,0.04049242369698392,0.24264765134647404,1.391923173270516,0.16987083787465343,0.05514314582065502,0.039616515393653934,0.19119535205368685,1.0579107095671634,0.29498600020830246,0.045581651696421824,0.043086482898987984,0.1453152116735033,0.6355519701116166,0.5278556467910298,0.03260751260509681,0.051305816264514505,0.087299777033232,0.3697380605343302,0.7130792359887198,0.022132777550255854,0.05986069575382765,0.05078742850829013,0.8698290114375863,0.38839141586245174,0.04309915715444853,1.783157520317526,0.08039775630538179,0.08868080885087039,0.6233227467233501,False,0,False
AF7,55,2.1930520249392775,0.03263038806120701,0.07892065060780547,0.03598667505846819,0.29571107471775915,1.7805298532373603,0.08061508608852305,0.06559760010955787,0.03684161767368757,0.24008659643286498,1.4194498747338384,0.16151501891945008,0.05782375817683116,0.040736738370330774,0.191398582063804,0.9684799460792508,0.3371225871052814,0.047275311961344005,0.048813929656190795,0.1305898092890078,0.6819832491407527,0.4981644134523784,0.03875897198921049,0.056832733117776514,0.09195860255458609,0.7854371172583217,0.43563006434511753,0.03504117984063503,2.1612823352620065,0.03512577265719333,0.09286493801746619,0.5678592224739926,True,1,True
AF8,55,1.2511765591970365,0.21626360780788265,0.056058734900025796,0.04480481550581672,0.16870861282557492,1.2820196068422676,0.20531264989006903,0.05379195635609493,0.04195876261876328,0.1728674885216473,1.1954202819299247,0.23714630644191337,0.052469317963383715,0.043891942236980924,0.16119043793258508,1.0100475415130725,0.316977093461412,0.05067460949506261,0.05017051912145736,0.13619478271388988,0.8568005175385162,0.3953415708655047,0.04922564277950495,0.057452863031553995,0.11553095821658045,0.12374231419550989,0.9019787580898262,0.005961892483048073,1.0695287918454244,0.28958904365692345,0.05843121044643166,0.6419597851708124,False,0,False
C1,54,-0.050480940113390355,0.9599289096997188,-0.0031122634506247186,0.06165224822742897,-0.006869585834100086,-0.0807592386597556,0.9359376181627195,-0.004883011812845438,0.060463816819991495,-0.01098994037400278,-0.09742748062145004,0.9227544340296097,-0.005916222478251952,0.060724370993838594,-0.013258200802636039,-0.11767943819945952,0.906766507422295,-0.007318201992065553,0.06218760136891241,-0.01601414315589239,-0.13152652643420784,0.8958568254149802,-0.008450097053166765,0.06424633328542793,-0.01789849318913848,0.15786036747899573,0.87516674226418,0.00465727513539385,-0.019374340633904752,0.9846152347642911,-0.0012589473428581328,0.3665390112634171,False,0,False
C2,54,-0.15687774851731215,0.8759372888596266,-0.010114344644816912,0.06447278049570396,-0.021348357548004165,-0.04284798497157644,0.965983733325752,-0.0026368911286994167,0.061540609913129395,-0.005830872204822459,0.028294083804076466,0.9775338722721507,0.0017261143032212762,0.061006191795211495,0.003850337114418497,0.12388076454197564,0.901878312888013,0.007646343777239927,0.06172341449062536,0.01685803678187263,0.1957541776177114,0.8455511736935893,0.012426070182799587,0.06347793101543138,0.02663876945453003,-0.5866537709377366,0.5599268690310002,-0.019666576617923676,-0.2565160013773629,0.7985455564209398,-0.01794046231470263,0.4891088517909111,False,0,False
C3,53,0.8325066886534584,0.40893024898320207,0.028960482526888036,0.03478708690464734,0.1143535882444947,0.9526659339098593,0.34516684544252396,0.034022117906093094,0.03571253751717782,0.13085872993656278,0.9442326511999688,0.34941752818833904,0.036975522110649105,0.03915933436919294,0.1297003294675935,0.8853281629109073,0.3800554013177404,0.04098304190252977,0.04629135683177628,0.12160917573709905,0.8278943375533155,0.4115138972374749,0.04421853273174751,0.05341084088390673,0.11372003309624974,-0.32802266242034317,0.7442116859689055,-0.013312692587464982,0.5822040085181545,0.5629451876211335,0.023662829523184048,0.5351786290517261,False,0,False
C4,55,1.5713774627185002,0.12193656739196282,0.06063759262560324,0.038588813995524364,0.21188449384853028,1.5231789968930123,0.13354917643912648,0.051006709311390286,0.03348700935046637,0.2053854140424336,1.363899690207402,0.17825755412473945,0.0453872031354528,0.03327752287160573,0.18390819671029782,1.0374878592518613,0.3041320966637706,0.037762008390378035,0.03639754244219151,0.13989483440297767,0.7668109368585326,0.44653350743430187,0.03160576988129361,0.041217161052470086,0.1033967656330665,0.6536635614033388,0.5161025277283298,0.02533034865265246,1.4622297714006522,0.14947405205408743,0.07071755178810545,0.7292033697890073,False,0,False
C5,54,-0.3495874365268752,0.7280336438229543,-0.013630944087691346,0.038991515894031395,-0.04757282444324701,-0.6103852837558047,0.5442152168856988,-0.02480667095899761,0.04064100432821371,-0.08306291620586906,-0.7161107023290534,0.4770665169068292,-0.03132757502614703,0.04374683261157573,-0.09745032333623745,-0.8054578511429094,0.42415449683919415,-0.04017589049537524,0.04987956904059899,-0.10960893025659645,-0.8451093717510898,0.40184883014856976,-0.047319621541374764,0.0559923048105918,-0.11500481875745723,0.7888316167932264,0.43372494945332163,0.02939346774965482,-0.045426025157871544,0.9639384654744718,-0.001934107276492376,0.4057592672120285,False,0,False
C6,55,0.5264524276472804,0.6007297045842059,0.018746916878906107,0.03560989729439791,0.07098683086264729,-0.2466139190307239,0.8061421427170519,-0.008480809674059906,0.03438901464845275,-0.03325341405840704,-0.662457149671037,0.5104959049791737,-0.02436786515269098,0.03678406243300653,-0.08932570383920091,-1.0694708902465748,0.2896148830936574,-0.045925256168489526,0.04294203478310765,-0.14420742542253637,-1.2772365931671406,0.20698320879819632,-0.06332972191181492,0.04958339140188377,-0.17222254708926124,1.7631930899235204,0.08352571335472772,0.07161210286785348,1.0930092416837158,0.2792419123128614,0.04724423771516248,0.6165687487422221,False,0,False
CP1,55,0.21056597099384414,0.8340185168765301,0.00811755639602461,0.0385511313044116,0.028392709736697747,0.2588602020405444,0.7967273176169587,0.009135467934087867,0.035291125719885706,0.03490470252258842,0.2785905289740254,0.7816231577362094,0.00972940724246524,0.03492368271920819,0.037565139263569955,0.2899998390352217,0.7729270593940418,0.01053533266568523,0.03632875349425856,0.03910357031838176,0.28747146762299636,0.7748516842950763,0.011186000522933526,0.03891168962063176,0.0387626447867061,-0.0913746527817877,0.9275330246807418,-0.002677226305779201,0.15753534632203145,0.8754105439931466,0.007052180936686012,0.6262386838769659,False,0,False
CP2,55,-0.3241155557332222,0.7471026614207561,-0.012243219926755571,0.03777424350725364,-0.04370373261950713,-0.6045541207625013,0.5480072028376168,-0.024252490491518747,0.040116326493532126,-0.08151806101393291,-0.7182026927923657,0.47572831689657447,-0.031259757416619655,0.04352497941087076,-0.09684243134026861,-0.8166960725390179,0.417690608185076,-0.04076802616155187,0.04991823461916325,-0.11012327595601519,-0.8630172328076724,0.3919448612479832,-0.04844457373301926,0.05613395873384068,-0.11636921993246811,0.8636257314339283,0.39161336835834226,0.03158578507752951,0.008025845976105327,0.9936259476512858,0.00032602766090984145,0.3679620854665275,False,0,False
CP3,55,-0.01732762848970981,0.986239109242518,-0.0006036836397230677,0.034839368819661126,-0.002336456948915302,-0.13222227228114636,0.895299935849917,-0.0045120337558634685,0.03412461212487302,-0.017828847557305242,-0.19001707069949872,0.8500082581584318,-0.006792509689256253,0.03574683929318237,-0.025621896586254037,-0.247241943086254,0.8056586075799859,-0.00988692271402304,0.03998885703051541,-0.033338096804779435,-0.27699885083195713,0.7828385861903688,-0.012385212300447276,0.044712143257088215,-0.03735051742667632,0.31514192959255116,0.7538685122433606,0.01027941756415766,0.08731373411249405,0.9307451185063537,0.0034869078749014256,0.5300660133016012,False,0,False
CP4,54,-0.24859189993951317,0.804637239732597,-0.008328234632135776,0.03350163313511898,-0.03382907272448998,-0.28295306896872235,0.7783150362252964,-0.00976687144548569,0.03451763743394959,-0.038505035562661466,-0.28399425617496915,0.7775213382181997,-0.01060629896150834,0.03734687843466028,-0.03864672319499583,-0.2721360091729993,0.7865748181404919,-0.011745331126194424,0.04315978308746275,-0.03703302017284504,-0.2584165192582404,0.7970863838861926,-0.012664934350735589,0.04900977068760563,-0.03516603407159953,0.10831357895613812,0.9141559742047082,0.0037837829488514283,-0.18054787444026885,0.857411088063971,-0.006822516012656759,0.47478267920041667,False,0,False
CP5,55,1.9839164436489998,0.05235813674722808,0.06922740191058846,0.03489431328229687,0.267511238689344,1.8403539505102773,0.07121414007638582,0.06313025140746314,0.03430332050525332,0.24815327606354262,1.6351657451983983,0.10783097190659596,0.059572636410989685,0.03643217000229026,0.22048570410347298,1.3134693363603214,0.19457842232268735,0.054745253661189895,0.041679887109425245,0.1771081691847629,1.07415136682781,0.2875313001858358,0.050847842437483234,0.04733768815809208,0.14483854075600258,0.44372961554797774,0.659011042230054,0.01603621838133348,1.8530411681656653,0.06934383376653516,0.07560885479232297,0.5573141500143814,False,0,False
CP6,55,1.4575152771580797,0.15076547534891227,0.04946745966788913,0.03393958227617533,0.19653131987961028,0.8972545411723168,0.3735660894593108,0.029879551091945702,0.03330108650428927,0.12098577765057908,0.5149122376083548,0.6087157132289597,0.018450238782267224,0.0358318125589017,0.0694307519552386,0.07017775196198987,0.9443114309724892,0.002941628339456253,0.04191682203000057,0.009462766144150618,-0.19815583502417328,0.8436672481024652,-0.009579324635821155,0.04834237979745871,-0.026719327343917302,1.331338879183285,0.18867084882539634,0.05151848874263731,1.7170443460945715,0.09170219586708576,0.06996872752490456,0.5942272411125369,False,0,False
CPz,53,-1.385982372246975,0.1716674454128963,-0.06742830738102093,0.048650191179347525,-0.1903793202747863,-1.0766980134683382,0.28658517544821926,-0.05153848813761434,0.04786717119649437,-0.1478958463324441,-0.8641179053946361,0.39149174062864567,-0.042266967088129756,0.048913425846472604,-0.1186957228031671,-0.5711846026470955,0.5703350527722425,-0.029686296941684103,0.05197320936892566,-0.07845823913841289,-0.3510761485792774,0.7269496779391287,-0.01952923097616802,0.055626766600916144,-0.048224017757783275,-1.2668595474920668,0.21085045020602008,-0.04179208161198852,-1.5934321806034344,0.11712433719306513,-0.08405904870011827,0.4248364425752176,False,0,False
Cz,55,-0.6285419870842072,0.532298646883706,-0.9150936899546323,1.4558990628450015,-0.08475258424890908,-0.6221479928027313,0.5364627711205113,-0.9100225262919784,1.4627107003791708,-0.08389041823587672,-0.618391250695265,0.5389172050697351,-0.9070635624470506,1.4668117658961501,-0.08338385923344398,-0.613265717545327,0.5422752344695099,-0.9030484986932598,1.4725240183126895,-0.08269273248449618,-0.6091059391689816,0.5450084062353497,-0.8998069172092614,1.4772584855056416,-0.08213182808265426,-0.23953421608816794,0.8115982528412118,-0.013337753086482112,-0.6351683036407318,0.5280010411579693,-0.9204013155335329,-0.3014216397737547,False,0,False
F1,55,1.7782980770074055,0.08098495985857079,0.11788732641891968,0.06629221947835956,0.23978566378740812,1.7545055243071113,0.08501684091653483,0.10550788674398458,0.06013539728559801,0.23657747663577058,1.7034340036455051,0.09423625569581977,0.09828463053390492,0.05769793858967637,0.2296909941946019,1.5800352278793368,0.11993919484095987,0.08848328259139729,0.056000828987943625,0.21305190666466528,1.4365541081376743,0.15661337955466118,0.0805701160872149,0.05608568144479062,0.1937049164254851,0.9208878112098675,0.3612048935414448,0.03255937309798192,1.7490320204168952,0.08596762370233056,0.13084400363188675,0.6649293439582473,False,0,False
F2,55,2.6893706120936036,0.009502967220561731,0.17242308507845863,0.0641128018217734,0.36263465935723854,2.66770313915848,0.010060039024428773,0.15928436209448318,0.059708428481562235,0.3597130179026813,2.611388308618569,0.011650484990571598,0.151618073079911,0.05806033234487341,0.3521195277017516,2.4756016350603884,0.016469251214583588,0.1412155670806373,0.0570429285070304,0.33381005637429817,2.318301681716876,0.024248928299229408,0.13281705266038998,0.057290668297332654,0.3125997349923641,1.1336170895478572,0.2619630280716353,0.03455637693622181,2.641110105140171,0.010784543991487448,0.18617445001613284,0.5880517098842674,True,5,True
F3,55,1.999631445204633,0.0505815831087407,0.08117577503490417,0.040595368326285255,0.2696302490668275,1.937458324868166,0.057926896121292724,0.06957480542292092,0.035910349414950714,0.26124682723087617,1.7689306895363537,0.08255290266538391,0.06280577726065514,0.03550493958421677,0.23852256551848353,1.4161534156140096,0.16247324537884994,0.053620778373530374,0.037863679021161493,0.1909540876067632,1.1039608442782947,0.2745052915564835,0.04620522431291699,0.04185404269761331,0.14885804987544618,0.8307210889318013,0.40978919251064017,0.030511905854648125,1.8888240052423115,0.06429093053973106,0.09331768311530327,0.6969272303442362,False,0,False
F4,55,1.5973487071513233,0.11602395597799109,0.06508945694797767,0.04074843311079945,0.21538645573345194,1.2247282606621301,0.22599351162856587,0.04988813400491171,0.04073404330356554,0.16514232497865078,0.9420894759540063,0.35034257268973457,0.04101834237999268,0.04353975224959974,0.12703131902325177,0.5801200383336441,0.5642465963970831,0.02898278509600012,0.04995997928161769,0.07822337001134272,0.3397579826546177,0.735356776342833,0.019265818683062395,0.05670453577730102,0.04581295703530638,0.9488767937614837,0.34691066703215845,0.039981255879321005,1.7224508633248803,0.09071131920327609,0.08099959825931367,0.5276701890548475,False,0,False
F5,55,1.8391658502550217,0.07139144242407897,0.06605802910005823,0.03591738564028824,0.24799307265780546,1.2559643920502537,0.21453587326332213,0.04540933364866356,0.036154953067209755,0.16935420407580212,0.8457587108009132,0.4014195521768714,0.03336106477981353,0.03944513293658117,0.11404208129981293,0.3648058013517549,0.7166812281538452,0.017012582619691165,0.04663462740080498,0.04919040421942919,0.07068452006882188,0.9439099714550673,0.0038135550795453358,0.053951771559491005,0.009531098741735997,1.284537361465423,0.20443733306197562,0.054308482196475424,2.051825967089934,0.045048780647315795,0.08766954697628894,0.5694025774597765,False,0,True
F6,54,1.8830912103392163,0.06518088481578328,0.07164039863608898,0.03804404069369737,0.25625625580283723,1.6827254904886717,0.09831114469977727,0.06716792325857049,0.03991615010185921,0.22898993493732187,1.4684362055631124,0.14789620153101535,0.0645582869266048,0.04396397111568639,0.19982885685879412,1.1757340587790777,0.2449556957264258,0.06101723107186263,0.0518971366154222,0.15999713984556582,0.9748569334995332,0.33405983644341464,0.058158342198255615,0.05965833570006965,0.1326612255160094,0.26954858344887644,0.7885542525769504,0.011763132929433437,1.7582015316798936,0.08448671052143526,0.07632141985603819,0.48986153555800266,False,0,False
F7,54,1.001763095351571,0.32100988722356105,0.03919048062917265,0.03912150568435411,0.13632269037568887,1.2279919083457376,0.2248757501589444,0.04736941308659196,0.038574694804304234,0.1671085324285347,1.2550050364724776,0.21498269276734608,0.05214172316008372,0.04154702303557424,0.17078455355447567,1.2068330328581172,0.23285541618972933,0.05861734442553937,0.04857121310867432,0.16422917417988178,1.1410932566921177,0.2589609629805831,0.0638454691275858,0.05595114049895063,0.15528312376813302,-0.4848346918071681,0.6297915036272883,-0.021511548213566937,0.6553430229353698,0.5150815170076686,0.030630174946516847,0.5851652101138942,False,0,False
F8,55,1.5749403741933106,0.12111137941218555,0.06730745590314985,0.042736510540994255,0.2123649167337874,1.0931421536717876,0.27918408680447715,0.04444657582421805,0.04065946562844103,0.1473992579316583,0.7328107268693548,0.46684307936814395,0.03110752346529954,0.04244960168390845,0.0988121782533815,0.2713278101431141,0.7871734862018663,0.013007557246374675,0.047940376032643804,0.036585834456188036,-0.02957881203172547,0.9765120137028354,-0.0016055395695511458,0.05428005586664825,-0.00398840620072308,1.3902072496712163,0.17016993098474525,0.060126786299159456,1.7937616287447964,0.0784510337451514,0.09123430976445907,0.6035924132416163,False,0,False
FC1,53,1.076531209306918,0.2866590238356035,0.05771098418059773,0.05360827784802697,0.14787293401876242,1.0992354506994062,0.276728690876052,0.05873341522646659,0.05343115088682459,0.15099160142046175,1.0877225817771088,0.2817336180124629,0.05932999161403972,0.05454515021385973,0.1494101872526277,1.0479778649686335,0.29949547822744405,0.06013949533076116,0.05738622669531399,0.14395083053783458,1.002149806465498,0.32091199928446745,0.06079305214087961,0.06066263920689846,0.13765586257717033,-0.08575221991810404,0.9319927199144591,-0.002689113139491457,1.0015594701434667,0.32119443760824223,0.05664087847454842,0.3401370632666782,False,0,False
FC2,52,0.4592393249163888,0.6480138035150078,0.022824703199552286,0.04970110781281167,0.06368503591136565,0.5808890299454834,0.5638735748382725,0.028149298380457655,0.048458994626046706,0.08055481472396064,0.6383664357545191,0.5260915122604801,0.03125613651017593,0.04896268782244582,0.08852549679415797,0.6949129195356164,0.4902639169203289,0.03547185316548784,0.051045033367910796,0.09636708320646331,0.7228043260328042,0.4731019224929217,0.038875432757153966,0.053784172779549215,0.10023492537071026,-0.4668037332429241,0.6426284011809893,-0.014004307597365038,0.32166375858772,0.7490221294585151,0.017251828912810945,0.42858222684130637,False,0,False
FC3,55,1.424158281543218,0.16015397711849239,0.05553259239291299,0.038993272807245745,0.19203346350846495,1.0926009889603732,0.2794195816074523,0.042551098021434766,0.03894477348214996,0.14732628729685718,0.8507214291084662,0.39868071191635246,0.03497655003726782,0.04111398730595317,0.11471125409989213,0.5347475761729445,0.5950195532634297,0.02469852885944506,0.046187266590727326,0.07210534846167027,0.31769671968930646,0.7519402703177944,0.016400517872517735,0.05162318921188965,0.04283821694391072,0.9409186562996199,0.35093681137263544,0.03414284731045647,1.5724533784134749,0.12168690513622596,0.06911939734772429,0.48855752356392307,False,0,False
FC4,55,2.4000948629382024,0.019868282475656293,0.08568288583330334,0.035699791352584345,0.323628725298334,2.181850027307596,0.03349186483599667,0.07766466554592019,0.035595785491158806,0.29420059766524054,1.9380074393224611,0.05785822933572708,0.07298612911733732,0.03766039677476868,0.26132086980878866,1.5676788461708284,0.12279795864741973,0.06663775075935463,0.04250727176814452,0.21138577249498133,1.2897653405097065,0.20262870357268936,0.061512356244952895,0.047692672700170115,0.17391192303630015,0.6179244988960105,0.5392225568462643,0.02108885642435838,2.3209567588707656,0.024094191517185483,0.09407498554169581,0.5021818259298468,True,2,True
FC5,55,0.9830769911983727,0.3299538064061197,0.036020287764986586,0.036640352777535544,0.13255807445134415,0.5332592679540009,0.5960421867642729,0.019165540675902936,0.035940379900825575,0.07190466502236732,0.2435092808938306,0.8085336154909477,0.009330995674076158,0.03831885027061637,0.032834784737428714,-0.09086625175586317,0.9279350929129992,-0.0040136503713792205,0.04417096880107897,-0.012252402887270659,-0.2931228411102742,0.7705517764394089,-0.014787516039294343,0.050448187467353356,-0.03952467583227632,1.128055708618253,0.2642835252089706,0.044329954614725706,1.239611877534904,0.22047926084799307,0.053660950288801794,0.5731069341075651,False,0,False
FC6,55,1.144349375220428,0.2575259547382895,0.04255395249451258,0.03718615434758787,0.15430403827670192,0.9119949226437732,0.36582498206764824,0.03232112523456317,0.035440027605491226,0.12297337028272143,0.6998649562254728,0.48701584760991967,0.026350391906320717,0.037650680566196984,0.09436977144601136,0.41707059967129395,0.6782802153604637,0.01824861161222457,0.0437542507829774,0.056237788187169666,0.2318999400117856,0.8174923058780745,0.011707599414357003,0.050485564652418616,0.03126938153223599,0.6408499409625332,0.5243306490227242,0.026913531577562294,1.1730645760409937,0.24591849397633955,0.05326392348388289,0.6313495989185787,False,0,False
FT7,55,1.5107694541163845,0.13667726933950078,0.052030761672363826,0.034439908439104265,0.2037121116357868,1.1144670498337288,0.27001459408140477,0.04157737874225705,0.037306960980551314,0.150274706343543,0.8308795602234762,0.40970043796478295,0.03547795379662614,0.04269927375164201,0.11203577704523736,0.5163163754136955,0.6077414325410389,0.02720154985875725,0.05268387979552685,0.06962008585828663,0.3305839539958922,0.7422380386901846,0.0205195544025822,0.06207063033324712,0.04457593126331706,0.5694101518581399,0.5714389583668293,0.027493618765842612,1.5305550658612421,0.1317170283238736,0.0629715725624688,0.553946099416869,False,0,False
FT8,55,1.2042482983991811,0.23374560245603743,0.04203971380472528,0.034909506503442087,0.16238080743046424,0.7721749492331329,0.4433772402553562,0.02849278629757095,0.03689939219844917,0.10412004891410784,0.5059168547084746,0.6149741691498339,0.02058831478569167,0.04069505610275687,0.06821781477245792,0.20544630137593498,0.8379959754285099,0.00986261527617513,0.048005805945993005,0.027702373626247428,0.021832049422322492,0.9826624022900379,0.0012031689846558244,0.055110217157424854,0.0029438329435641057,0.8961316631498083,0.37416002687992345,0.0356300025379833,1.4239841340140291,0.16020415808076768,0.056218317323675035,0.4725078554399608,False,0,False
Fp1,55,2.046550016909306,0.04558315803140416,0.09763305468538044,0.04770616592739112,0.27595674798487996,1.4476305709859716,0.15350151946352453,0.06315724422665474,0.04362801221007563,0.19519846637126537,0.9539533242991427,0.34435822243559,0.043041017763050735,0.04511857830640971,0.12863104000776693,0.3071827077684447,0.7598858490101648,0.01574499930188599,0.05125613813442462,0.041420507865714336,-0.10711850514761759,0.9150919540076395,-0.006292575555310878,0.058744056842832355,-0.014443856287558373,1.7723171989551865,0.08198316297760605,0.09067541060470771,2.267922368478414,0.02735754954984235,0.13371642836775843,0.6726547039470857,True,1,True
Fp2,54,1.3318367391142516,0.1886132622054224,0.05231524025492379,0.0392805204410538,0.181240023973453,0.7829194999366577,0.4371588190521203,0.03300163215218565,0.042152011994663126,0.10654184913998765,0.45474323010762413,0.651151173199148,0.021732370914973848,0.04779042210222777,0.06188271543048421,0.11031674224803974,0.9125748558677678,0.0064409362449986815,0.0583858452828191,0.01501220714410161,-0.08627418796615201,0.9315735702979642,-0.0059046788011277345,0.06844085050611337,-0.011740429916113179,0.9642269508142595,0.3393112310904195,0.05079704644132457,1.5614405908596216,0.12437175558700389,0.07252941735629835,0.5412703022973943,False,0,False
Fpz,55,1.3741338470241469,0.17507702779818538,0.06086109325372966,0.04429051317346685,0.18528817013395313,1.3239394019505082,0.19110037372429434,0.05681795251302937,0.04291582562564547,0.17851995254093994,1.2092132756016885,0.2318486884176475,0.05445882784904144,0.04503657787080071,0.16305028481987696,1.0084243732675147,0.3177482074104701,0.05125769514669746,0.05082948856205385,0.1359759147523079,0.849107921258514,0.39956990812568804,0.048673244903299946,0.05732280159530063,0.11449368874578791,0.24267220765656736,0.8091787207922978,0.010633932659379867,1.2569714240436858,0.21417378189951852,0.06509276050842132,0.5670698152034055,False,0,False
Fz,52,0.45038878343649696,0.6543389957568397,0.0188147046411707,0.04177436324593438,0.062457686637466786,0.8496075037219849,0.399514142781061,0.035128458006243764,0.041346689915463336,0.117819362257253,1.0441455204253305,0.3013421592996782,0.04464733958717409,0.042759690784276015,0.1447969312669062,1.2402548434063323,0.2205570491177265,0.05756365706017563,0.046412765381410113,0.17199240125169582,1.3450312810629512,0.1845660082329647,0.06799170954686232,0.05055028124931774,0.18652227888367257,-1.3272677686106902,0.19033144851170508,-0.042907077896048924,0.03792226264606352,0.9698977178335515,0.0017402616911249985,0.44576076194465664,False,0,False
O1,54,0.6222884400922252,0.5364203695259422,0.0250926519088591,0.04032318502516338,0.08468273061435833,0.621985236857616,0.5366182044943113,0.0243939333026975,0.03921947315974917,0.08464146988029421,0.5787630566957948,0.5652006671777592,0.023986239283938678,0.041443970907331346,0.07875967615989933,0.4958990167579952,0.6220158868748085,0.02343303297147876,0.047253638703854024,0.06748330861138738,0.4285277964973846,0.6700035415830785,0.022986399132200606,0.05364039233879872,0.058315246778767815,0.044221994213355986,0.9648936444008237,0.0018377115916304824,0.5441016803559817,0.5886533018400704,0.025823950875569292,0.5734171620943002,False,0,False
O2,55,1.4398789137789503,0.15567417383017704,0.058034639283484006,0.04030522200729544,0.19415323312669816,0.7603999340031432,0.4503230315201746,0.03082132648621519,0.04053304729256826,0.10253230618439552,0.34874584749454013,0.728636254993223,0.014942681263062823,0.042846908057584135,0.04702488048308916,-0.13732032504664468,0.8912883421973404,-0.0066032977471479305,0.048086819958406996,-0.01851626885197111,-0.44738900583954233,0.6563837308372455,-0.023998549951591258,0.05364134933659596,-0.06032592124091721,1.9379845476552704,0.05786109054997866,0.07157419300587221,1.9213612925747527,0.05997098272648157,0.08651687426893498,0.4677455207000859,False,0,False
Oz,55,2.1842931520406488,0.03330229218340148,0.09149249190432558,0.04188654431244719,0.29453002853704136,1.7560863562064617,0.08474387267708568,0.07199435507580948,0.04099704711067475,0.23679063596559452,1.42195991422382,0.1607883378427718,0.060617423515916355,0.04262948829257575,0.19173703571958858,0.9601697329100417,0.34124947782746684,0.04517988932171167,0.04705406531070541,0.12946926037386358,0.6282094900377875,0.5325147720604373,0.03271632010558815,0.05207867856886438,0.08470775035631596,1.3987642116374812,0.16760112615673053,0.0512823785555127,2.3601719888594284,0.02190907927581687,0.11189980207142909,0.5105013797515255,True,1,True
P1,55,0.2324612231066291,0.8170586005614546,0.007583407238596898,0.03262224614175078,0.03134506492930527,0.3855542967589578,0.7013414798056691,0.011487807412385045,0.029795563190330707,0.05198813076940028,0.46409721499746787,0.644443671617468,0.013765978601267971,0.029661842726944786,0.0625788557041733,0.5382146521863364,0.5926404852524805,0.01685726428260362,0.031320708594844114,0.07257284889594594,0.5690328396945094,0.5716931627330673,0.019353028992916067,0.034010390337587404,0.07672837245182126,-0.38505449034507305,0.70170955950885,-0.010269028754151683,0.09123506403512392,0.9276434163537954,0.003496949847116391,0.6361418894017471,False,0,False
P2,55,0.3615842372088654,0.7190737575101087,0.012131450781068377,0.03355082863875166,0.04875600859901868,0.7392727094838968,0.46294300938538,0.021861089470577803,0.029571075991482936,0.09968351181137432,0.9320634508605454,0.3554524393104329,0.027538218236601866,0.029545432997267168,0.12567941007543892,1.0918381649029993,0.2797517700492968,0.03524160196436845,0.032277312789757054,0.14722342812194414,1.1404022647433127,0.2591515467546906,0.041460966733479536,0.03635644019245417,0.15377181000854226,-0.7765036256330528,0.4408397611704562,-0.025590086830966453,0.04690698780435557,0.9627604079109685,0.001948131405635355,0.7079787574577544,False,0,False
P3,55,0.8864467640503808,0.37930767309473534,0.02782702598018958,0.03139164934512417,0.11952845728075057,1.158788000452433,0.25164149854437845,0.030034277071290076,0.025918698726223953,0.1562509421058171,1.2761146227796163,0.20737654285239365,0.03132218190136707,0.024544959631558408,0.17207126063306988,1.304784916066302,0.19749934700870922,0.033069759861956045,0.02534498939614935,0.17593716219120273,1.228989503265758,0.2244045180962509,0.03448067553011653,0.028056118818339804,0.1657169108141085,-0.1989811759007985,0.8430247889405957,-0.005805328325285718,0.6424959301601609,0.5232698402576178,0.025516853576081418,0.7879674546611758,False,0,False
P4,55,1.7121302411102883,0.09261056613549494,0.0490960936673314,0.028675443309437356,0.23086359461514283,2.118851272725965,0.038718822327879134,0.05124552773249805,0.024185523727943935,0.2857058473303823,2.196537621257023,0.03236634081430468,0.052499697013746495,0.0239011144201128,0.29618107242936437,2.048933487219169,0.0453410707822055,0.0542014986869538,0.026453517903363744,0.276278135055899,1.825224799698485,0.07349981381891844,0.05557545664418374,0.030448554421003065,0.24611326178424345,-0.1849368496721635,0.8539714097876224,-0.005653262790154259,1.2702808896502424,0.20943068799101072,0.04684643422359219,0.7642912658627347,True,3,False
P5,55,0.9946059534021554,0.32436403229084,0.03562067869766779,0.03581386032913182,0.134112639397771,0.8487482124315979,0.39976830893404713,0.03037815194620893,0.035791712431626654,0.11444518561746121,0.7294240455197959,0.4688945406064394,0.02731919977160825,0.0374531110393273,0.09835551823336561,0.5598872349805731,0.5778716251419094,0.02316846030857821,0.04138058319794004,0.07549517936376546,0.4341368874103518,0.6659187717709905,0.019817340372922584,0.04564767691391995,0.05853900595645585,0.45508621219360673,0.6508716800184972,0.01378845803679643,1.037940146856929,0.3039233966487604,0.041107657808404564,0.4516034462025985,False,0,False
P6,55,0.4107550099319871,0.6828776061071142,0.01493588966065302,0.03636203892711158,0.05538619424044666,0.27064853718963683,0.7876931751544467,0.009023103787794863,0.033338823410941236,0.03649424130982616,0.16636923441895496,0.8684877639922635,0.005573063366218633,0.03349816079687193,0.022433222992674865,0.02478697916000544,0.9803162490006787,0.0008916502190014083,0.03597252465682117,0.0033422755881109835,-0.07299905042769908,0.9420765982168479,-0.0028879117275898768,0.039560949227006315,-0.009843189951660399,0.4917088176189721,0.6249180845836394,0.01555131785751586,0.49080220651043505,0.6255550186322549,0.021124381223734383,0.6356792925812991,False,0,False
P7,55,0.2801220824067537,0.7804541587070483,0.010740011099988903,0.038340465727345896,0.03777165388631006,0.004590871627347132,0.9963539455600261,0.0001715952457817335,0.03737748726397977,0.0006190330039487674,-0.15433927227181585,0.8779176308646603,-0.005994950046584984,0.038842674053995344,-0.02081110322766702,-0.3346410716641624,0.7391922216595432,-0.01436243061987209,0.04291891174161035,-0.04512299289810605,-0.4438479685948957,0.6589260010186889,-0.021117957245936448,0.04757925853032574,-0.05984844787625363,0.8180137736666867,0.416944336164333,0.027796168799826167,0.4996482104012325,0.6193526541566983,0.02180121875324129,0.5226234090409202,False,0,False
P8,54,0.969340913154569,0.3367780825175638,0.029776796309006776,0.030718600551072197,0.13191059022401092,0.520625904382888,0.6047957130707478,0.015078222813440182,0.028961722201112535,0.07084821181183888,0.2087525855530195,0.8354416200230631,0.00650177952771256,0.031145863465538836,0.028407628727310508,-0.13849956984466053,0.8903705090216154,-0.0051357288629341686,0.03708118998993529,-0.01884740420635435,-0.3340324244290943,0.7396732330455966,-0.01453132854260956,0.04350274847552756,-0.045456055410892426,1.0184159630050844,0.31310683589512195,0.03865896607737778,1.1662107597988172,0.24875035246421529,0.04516074560509055,0.6702384946690375,False,0,False
PO3,55,1.3453142012598804,0.1841462152705811,0.04671840501151624,0.034726761204010685,0.18140212989185153,0.9605548613833157,0.3410574895060452,0.029167734080362252,0.030365505660298435,0.129521191086606,0.641687738259429,0.5237905630620502,0.01892712577147419,0.02949585077441843,0.08652515697577118,0.16470403133264433,0.8697919445039933,0.005031486151453344,0.030548652092743905,0.02220868705432207,-0.18683200565693003,0.8524925232485108,-0.006187226890909191,0.03311652556077825,-0.025192422503526782,1.5829169335503177,0.1192802485452591,0.046160315650177634,1.5486475506571653,0.12730778135350035,0.06508744142165193,0.7126164563485374,False,0,False
PO4,55,1.980312828720638,0.052772996953066885,0.07153803485101752,0.036124613148738716,0.2670253273515296,1.521090529559656,0.13407159859860224,0.04410054080588372,0.028992712760265812,0.20510380516465201,0.9983115740985561,0.3225809135140091,0.02809108848375572,0.028138598422162025,0.13461230519054185,0.20264247914988723,0.8401760697493341,0.006367615300124738,0.03142290464880686,0.027324306314412874,-0.3023272323732409,0.7635640665449999,-0.011170937698866013,0.036949822915968177,-0.04076579569698633,1.769351807451623,0.08248187547750377,0.07216381588723574,2.087668370026831,0.04156020641456766,0.10025490437099135,0.8112425494843248,False,0,True
PO7,55,0.3333999597485295,0.7401235229987351,0.01146891370905446,0.034399865308037264,0.04495564140154181,0.24360553044873853,0.8084594476352088,0.007924633637670037,0.03253059823014815,0.032847763024764935,0.17046471646123734,0.8652817704541629,0.0058565882569306445,0.034356601052173745,0.02298545767860035,0.07683751976437869,0.939036790867376,0.00305042553086885,0.03969968760343829,0.010360769051432154,0.017173191147606924,0.9863617447006,0.0007848562418881241,0.04570241110939323,0.002315632621954311,0.2438830974074985,0.8082455703626332,0.009321870798530705,0.36111590344015887,0.7194218070439714,0.015178459055461441,0.6371595896678797,False,0,False
PO8,55,2.7272935676222065,0.008595557405094382,0.1637591468420224,0.06004456168053662,0.36774818963755534,2.6859430764605565,0.009589164177206514,0.1542478761403423,0.05742782767518843,0.36217249054676093,2.587195340807703,0.012401646804085505,0.1486981625050181,0.05747465611104404,0.3488573485876188,2.3765644011601204,0.021049449878727425,0.14116767033651634,0.05939989266337798,0.3204558784794381,2.165108241810234,0.03481664732745734,0.13508789041875993,0.062393134814273186,0.29194313576929837,0.6726355034724856,0.5040474772489808,0.025015753502875996,2.6322169925382872,0.01103727060223621,0.17371391600789426,0.49608432369269834,True,5,True
POz,54,1.421040036746772,0.1611623439031262,0.04524744608019771,0.03184107759819632,0.19337905522752488,1.6051162593098391,0.11441105074009068,0.045108822965400114,0.02810314997668506,0.21842865628633082,1.5932516179240799,0.11705083985135585,0.045027938022210674,0.028261661570367417,0.21681408309876313,1.438204306505838,0.15625507458855392,0.04491818399321722,0.031232130087516796,0.19571481648959138,1.2647371434475791,0.2114986794457414,0.044829573537693825,0.035445763390400425,0.17210892556620794,0.011274562664595844,0.9910467243740255,0.00036459499244052276,1.144806259285211,0.25743303712914134,0.04539253301465133,0.7093946451703942,False,0,False
Pz,55,-0.53823938566649,0.592623529537921,-0.018056774602515254,0.033547850795340714,-0.0725761839577295,-0.5244780598614923,0.6020925465595022,-0.015300481408349336,0.029172776860084456,-0.07072060716472126,-0.48124232781635745,0.6322886713072224,-0.01369221702366397,0.02845181363366884,-0.06489070224505573,-0.38519558805341625,0.7016056415791266,-0.01150993823423799,0.029880763412694824,-0.05193976249741218,-0.296962852618316,0.7676341844646398,-0.009748064712293182,0.03282587241584149,-0.04004246287839214,-0.24331262522035138,0.8086851596594564,-0.007249373221470323,-0.5097786874975615,0.6122837671130343,-0.020941590245134183,0.7213334737720296,False,0,False
T7,53,0.7070027353646811,0.48272117495067934,0.029048333482572027,0.041086592780420476,0.09711429444295831,0.13770588416440946,0.8910047151201765,0.006316521434092772,0.04586965526143653,0.018915357907876126,-0.13579896282165127,0.8925045611563889,-0.006947221260012633,0.05115813195964258,-0.018653422116829074,-0.4139066149181729,0.68064476372498,-0.024944998631304643,0.06026721422714189,-0.056854446047253086,-0.5746303998839061,0.568019115650103,-0.03947559277811455,0.06869736231513317,-0.07893155579011403,1.3286690868417501,0.18975855311572631,0.05978732229522376,1.2187324171852822,0.22844597208851053,0.05284010103521124,0.3299540926396318,False,0,False
T8,54,1.1300659089575862,0.2635368502002348,0.041852669919978505,0.03703560083374688,0.15378249181447534,0.9456551664093841,0.3486159976865151,0.0381827729841607,0.0403770574522838,0.12868736835165032,0.7963965171173759,0.4293545825168037,0.03604143165304453,0.045255636957704834,0.10837583888151445,0.6122212167773353,0.5430091778799735,0.033135812519577236,0.05412392058870564,0.08331275504501774,0.49271135556885365,0.6242516693495089,0.030789946610547778,0.062490840250677054,0.06704952286770569,0.21595156814539473,0.8298544817622233,0.009652257832506814,1.1019241696377298,0.2754736159536546,0.04569368948555114,0.45030546462386345,False,0,False
TP10,54,1.6103607490622531,0.11325965141991746,0.07490559674875098,0.04651479290734706,0.21914234094492355,1.9235278195592367,0.05979241351674029,0.08363362738509642,0.04347929181718853,0.26175898133158015,2.027469650513647,0.04765598056617201,0.08872632973279647,0.04376210006907783,0.275903672929854,2.0551513220146638,0.04480720990470463,0.09563669622481916,0.04653511164864811,0.2796706712856782,2.0044110748349997,0.050147228176941075,0.10121581462537559,0.05049653531459734,0.2727657982294076,-0.6183726790518397,0.5389782378224546,-0.02295574059581841,1.2263545679200394,0.225485978755703,0.065770589136978,0.5874792754469899,True,2,False
TP7,55,0.22866284682104765,0.8199947354881117,0.007355289335170635,0.03216652568367134,0.030832891975440743,-0.19269724769739385,0.8479189764792849,-0.006541502590593689,0.033947047343749676,-0.025983291578925653,-0.38124215803949746,0.7045194928243451,-0.014650115840771702,0.03842732376741483,-0.05140668210308376,-0.5447172445132181,0.5881906126895253,-0.025652818428743014,0.047093824708390554,-0.07344965826643358,-0.6233849262930289,0.5356558986533133,-0.034535904519077384,0.05540060893747598,-0.08405720631368367,0.8355688856877327,0.407079423014693,0.036550186846671384,0.5647067281390938,0.574611712392938,0.021900071005899625,0.5720240912330092,False,0,False
TP8,55,1.4553665004851433,0.1513569742828045,0.06002501779428571,0.04124391881651563,0.19624157889213872,1.2171405238897093,0.22884334387261732,0.04538078377488323,0.03728475297975979,0.16411919476097606,0.9906233476274606,0.32628777644552587,0.0368360469289431,0.03718471507578061,0.1335756249446621,0.6355031470318236,0.5277843564268374,0.025241561496271717,0.03971901888159762,0.0856912268647626,0.36364249970365053,0.7175448384560248,0.01588069661347934,0.04367117877151672,0.049033544657198155,1.0672438490342968,0.2906099442055121,0.03851604690455307,1.528664923927229,0.13218460350044606,0.07535209383349614,0.6603674801584842,False,0,False
TP9,55,1.1061981962850225,0.27354460540610614,0.041840126006783024,0.037823354031217844,0.14915973435848975,0.5699504392182103,0.5710750499265371,0.021266673312269,0.03731319751492791,0.07685210154635637,0.23279992788124204,0.8167969101003477,0.009262307699557581,0.03978655742660947,0.031390735871797214,-0.15359612504143097,0.8785007570262848,-0.007026601454055058,0.04574725730977722,-0.02071089727556394,-0.3872167169379438,0.7001177182722276,-0.02017753243417353,0.05210914599383689,-0.05221229146060598,1.3548095737182257,0.1811194389921211,0.054110584952453876,1.4297409636786234,0.1585517798637117,0.06337289265201139,0.5583434593786893,False,0,False
